Metric,Keyword Search,Semantic Search
MRR,0.8932608695652174,0.8948548070287201
Recall@1,0.8521739130434782,0.8434782608695652
Recall@3,0.9217391304347826,0.9391304347826087
Recall@5,0.9478260869565217,0.9565217391304348
