Metric,Keyword Search,Semantic Search
MRR,0.8932608695652174,0.9024680306905372
Recall@1,0.8521739130434782,0.8434782608695652
Recall@3,0.9217391304347826,0.9478260869565217
Recall@5,0.9478260869565217,0.9739130434782609
